product_id,product_name,category
101,4K Ultra HD TV,Electronics
102,Smartphone Pro,Electronics
103,High-End Laptop,Electronics
104,Noise-Canceling Headphones,Electronics
105,Smartwatch,Electronics
106,Bluetooth Speaker,Electronics
107,Tablet,Electronics
108,Wireless Mouse,Electronics
109,USB-C Cable,Accessories
110,Portable Charger,Accessories
111,DSLR Camera,Electronics
112,Action Camera,Electronics
113,Gaming Console,Electronics